,precision,recall,f1-score,support
0,1.0,1.0,1.0,22.0
1,1.0,1.0,1.0,3.0
2,0.0,0.0,0.0,17.0
3,0.8181818181818182,0.9,0.8571428571428572,10.0
4,0.5454545454545454,0.6666666666666666,0.6,9.0
5,0.9444444444444444,0.9444444444444444,0.9444444444444444,18.0
6,0.9375,1.0,0.967741935483871,15.0
7,0.7142857142857143,0.8333333333333334,0.7692307692307692,18.0
8,0.7209302325581395,0.7948717948717948,0.7560975609756098,39.0
9,0.9090909090909091,0.7142857142857143,0.8,14.0
10,0.9130434782608695,0.875,0.8936170212765957,24.0
11,1.0,1.0,1.0,4.0
12,1.0,1.0,1.0,2.0
13,0.9259259259259259,0.9615384615384616,0.9433962264150944,26.0
14,0.9375,1.0,0.967741935483871,15.0
15,1.0,1.0,1.0,1.0
16,0.9230769230769231,0.75,0.8275862068965517,16.0
17,0.25,1.0,0.4,1.0
18,0.9545454545454546,1.0,0.9767441860465117,21.0
19,0.75,0.72,0.7346938775510204,25.0
20,0.975609756097561,0.8695652173913043,0.9195402298850575,46.0
21,0.9642857142857143,0.9310344827586207,0.9473684210526316,29.0
22,1.0,1.0,1.0,24.0
23,0.7755102040816326,0.7037037037037037,0.7378640776699029,54.0
24,0.875,1.0,0.9333333333333333,7.0
25,0.6,0.5,0.5454545454545454,6.0
26,0.5263157894736842,0.4,0.45454545454545453,50.0
27,0.875,0.9032258064516129,0.8888888888888888,31.0
28,1.0,0.6666666666666666,0.8,3.0
29,1.0,1.0,1.0,4.0
30,0.8571428571428571,0.9090909090909091,0.8823529411764706,33.0
31,0.72,0.6206896551724138,0.6666666666666666,29.0
32,0.9629629629629629,0.9285714285714286,0.9454545454545454,56.0
33,0.8260869565217391,0.7402597402597403,0.7808219178082192,77.0
34,0.35714285714285715,0.7142857142857143,0.4761904761904762,7.0
35,0.8148148148148148,0.8148148148148148,0.8148148148148148,27.0
36,0.725,0.8055555555555556,0.7631578947368423,36.0
37,0.5,0.875,0.6363636363636364,8.0
38,0.9,0.9,0.9,10.0
39,0.7435897435897436,0.5686274509803921,0.6444444444444445,51.0
40,0.21428571428571427,1.0,0.35294117647058826,3.0
41,0.7254901960784313,0.8043478260869565,0.7628865979381443,46.0
42,0.7894736842105263,0.9375,0.8571428571428572,16.0
43,0.1388888888888889,0.38461538461538464,0.20408163265306123,13.0
44,0.6111111111111112,0.5238095238095238,0.5641025641025642,21.0
45,0.7941176470588235,0.8709677419354839,0.8307692307692308,31.0
46,0.25,0.6666666666666666,0.36363636363636365,3.0
47,0.6258503401360545,0.6865671641791045,0.6548042704626335,134.0
48,0.8275862068965517,0.8571428571428571,0.8421052631578947,56.0
49,0.5384615384615384,0.7777777777777778,0.6363636363636364,9.0
50,0.7391304347826086,0.4657534246575342,0.5714285714285714,73.0
51,0.15384615384615385,0.5,0.23529411764705882,4.0
52,0.9772727272727273,0.86,0.9148936170212766,50.0
53,0.7037037037037037,1.0,0.8260869565217391,38.0
54,0.9090909090909091,0.6666666666666666,0.7692307692307692,15.0
55,0.6666666666666666,0.6666666666666666,0.6666666666666666,3.0
56,0.875,0.875,0.875,8.0
57,0.6,0.5,0.5454545454545454,6.0
58,0.3333333333333333,1.0,0.5,1.0
59,0.8,1.0,0.888888888888889,4.0
60,1.0,1.0,1.0,5.0
61,1.0,1.0,1.0,3.0
62,0.75,1.0,0.8571428571428571,3.0
63,0.9285714285714286,0.8666666666666667,0.896551724137931,15.0
64,1.0,0.8,0.888888888888889,5.0
65,1.0,1.0,1.0,1.0
66,1.0,1.0,1.0,3.0
67,1.0,0.8333333333333334,0.9090909090909091,6.0
69,0.9090909090909091,0.9090909090909091,0.9090909090909091,11.0
70,0.0,0.0,0.0,100.0
71,0.7457627118644068,0.4631578947368421,0.5714285714285715,95.0
72,0.875,0.875,0.875,8.0
73,0.6764705882352942,0.71875,0.696969696969697,32.0
74,0.5263157894736842,0.7692307692307693,0.625,13.0
75,0.0,0.0,0.0,12.0
76,0.0,0.0,0.0,4.0
78,0.625,0.625,0.625,8.0
79,0.6666666666666666,1.0,0.8,8.0
80,0.8,0.5714285714285714,0.6666666666666666,14.0
81,0.0,0.0,0.0,7.0
82,0.0,0.0,0.0,0.0
83,0.0,0.0,0.0,1.0
84,0.0,0.0,0.0,1.0
85,1.0,1.0,1.0,1.0
86,0.0,0.0,0.0,2.0
87,0.6666666666666666,0.5,0.5714285714285715,4.0
88,0.0,0.0,0.0,3.0
89,0.6,1.0,0.7499999999999999,3.0
91,0.0,0.0,0.0,1.0
92,1.0,0.875,0.9333333333333333,8.0
93,1.0,0.8888888888888888,0.9411764705882353,9.0
94,0.8,0.5714285714285714,0.6666666666666666,7.0
95,0.8333333333333334,0.7142857142857143,0.7692307692307692,7.0
96,0.0,0.0,0.0,2.0
97,0.9615384615384616,0.9259259259259259,0.9433962264150944,27.0
98,1.0,1.0,1.0,2.0
99,1.0,0.6666666666666666,0.8,9.0
100,1.0,1.0,1.0,4.0
101,1.0,0.75,0.8571428571428571,4.0
102,0.7222222222222222,0.5,0.5909090909090908,26.0
103,0.75,0.75,0.75,4.0
104,1.0,0.6666666666666666,0.8,3.0
105,0.8,0.8,0.8000000000000002,5.0
106,0.7727272727272727,1.0,0.8717948717948718,17.0
107,0.7777777777777778,0.875,0.823529411764706,8.0
108,0.3333333333333333,0.25,0.28571428571428575,4.0
109,1.0,1.0,1.0,1.0
110,0.0,0.0,0.0,4.0
111,1.0,0.5,0.6666666666666666,2.0
112,0.0,0.0,0.0,1.0
113,0.0,0.0,0.0,0.0
114,0.8947368421052632,0.9444444444444444,0.918918918918919,18.0
115,0.08333333333333333,0.5,0.14285714285714285,2.0
116,0.875,1.0,0.9333333333333333,7.0
117,0.875,0.6363636363636364,0.7368421052631579,11.0
118,0.0,0.0,0.0,16.0
119,0.391304347826087,0.42857142857142855,0.4090909090909091,21.0
120,1.0,1.0,1.0,1.0
121,1.0,0.9629629629629629,0.9811320754716981,27.0
122,0.0,0.0,0.0,1.0
123,0.7,0.7368421052631579,0.717948717948718,19.0
125,0.8571428571428571,1.0,0.923076923076923,6.0
127,1.0,1.0,1.0,8.0
128,0.375,1.0,0.5454545454545454,3.0
129,0.6153846153846154,0.8888888888888888,0.7272727272727274,9.0
130,0.6666666666666666,0.7142857142857143,0.689655172413793,14.0
132,1.0,0.5,0.6666666666666666,2.0
133,0.8,0.8,0.8000000000000002,5.0
134,0.72,0.75,0.7346938775510204,24.0
135,1.0,0.5,0.6666666666666666,4.0
137,0.9,1.0,0.9473684210526316,9.0
138,0.75,0.75,0.75,8.0
139,0.8461538461538461,0.9166666666666666,0.8799999999999999,12.0
140,0.8,0.8,0.8000000000000002,5.0
141,1.0,1.0,1.0,5.0
142,0.7272727272727273,0.8,0.761904761904762,10.0
143,0.75,0.75,0.75,4.0
144,1.0,0.9166666666666666,0.9565217391304348,12.0
145,1.0,0.8181818181818182,0.9,11.0
146,1.0,1.0,1.0,3.0
147,0.8461538461538461,0.9166666666666666,0.8799999999999999,12.0
148,1.0,1.0,1.0,7.0
149,0.7777777777777778,0.84,0.8076923076923077,25.0
150,0.6666666666666666,1.0,0.8,6.0
151,0.75,0.75,0.75,8.0
152,0.875,0.875,0.875,8.0
153,0.0,0.0,0.0,0.0
154,1.0,1.0,1.0,1.0
155,0.7166666666666667,0.8431372549019608,0.7747747747747747,51.0
156,0.8472222222222222,0.9037037037037037,0.8745519713261649,135.0
157,0.9444444444444444,0.7391304347826086,0.8292682926829269,23.0
158,0.8571428571428571,0.8571428571428571,0.8571428571428571,7.0
159,0.5555555555555556,0.7894736842105263,0.6521739130434783,19.0
160,1.0,0.9,0.9473684210526316,10.0
161,0.25,1.0,0.4,1.0
162,0.9090909090909091,0.8620689655172413,0.8849557522123893,58.0
163,0.782608695652174,0.9473684210526315,0.8571428571428571,19.0
164,1.0,1.0,1.0,1.0
165,1.0,1.0,1.0,4.0
167,1.0,1.0,1.0,2.0
168,0.8571428571428571,0.8571428571428571,0.8571428571428571,21.0
169,1.0,0.8823529411764706,0.9375,17.0
170,0.0,0.0,0.0,0.0
171,0.75,0.3,0.4285714285714285,10.0
172,0.8823529411764706,1.0,0.9375,15.0
173,0.8823529411764706,0.75,0.8108108108108107,20.0
174,0.625,0.5,0.5555555555555556,10.0
175,1.0,0.25,0.4,4.0
176,1.0,1.0,1.0,4.0
177,0.0,0.0,0.0,2.0
178,1.0,0.9259259259259259,0.9615384615384615,27.0
179,0.7142857142857143,0.5555555555555556,0.6250000000000001,9.0
180,0.0,0.0,0.0,1.0
181,0.3333333333333333,1.0,0.5,1.0
182,0.7,0.7368421052631579,0.717948717948718,19.0
183,1.0,0.6875,0.8148148148148148,16.0
184,0.6666666666666666,0.7272727272727273,0.6956521739130435,11.0
185,1.0,1.0,1.0,4.0
186,1.0,1.0,1.0,4.0
187,0.75,1.0,0.8571428571428571,3.0
188,1.0,1.0,1.0,6.0
189,0.8333333333333334,0.7142857142857143,0.7692307692307692,7.0
190,0.3333333333333333,1.0,0.5,1.0
191,0.0,0.0,0.0,24.0
192,0.0,0.0,0.0,1.0
193,1.0,1.0,1.0,9.0
194,0.9487179487179487,0.925,0.9367088607594937,40.0
195,0.7142857142857143,0.7142857142857143,0.7142857142857143,7.0
196,0.6666666666666666,1.0,0.8,2.0
197,0.9984301412872841,0.9945269741985927,0.9964747356051703,1279.0
198,0.9230769230769231,0.8275862068965517,0.8727272727272727,29.0
199,0.0,0.0,0.0,4.0
200,0.8940397350993378,0.8709677419354839,0.8823529411764706,155.0
201,0.0,0.0,0.0,3.0
203,1.0,1.0,1.0,2.0
204,0.9,0.9,0.9,10.0
205,1.0,1.0,1.0,11.0
206,0.8,0.8,0.8000000000000002,5.0
207,0.7142857142857143,1.0,0.8333333333333333,5.0
208,1.0,1.0,1.0,1.0
209,0.9090909090909091,0.9523809523809523,0.9302325581395349,21.0
210,0.75,1.0,0.8571428571428571,3.0
211,1.0,0.5,0.6666666666666666,2.0
212,0.5,1.0,0.6666666666666666,1.0
213,0.5,1.0,0.6666666666666666,1.0
214,0.7777777777777778,0.875,0.823529411764706,8.0
215,0.8333333333333334,0.8333333333333334,0.8333333333333334,24.0
216,0.6666666666666666,1.0,0.8,6.0
217,1.0,0.9166666666666666,0.9565217391304348,12.0
218,0.0,0.0,0.0,0.0
219,0.5357142857142857,1.0,0.6976744186046512,15.0
220,0.75,0.75,0.75,4.0
221,0.9019607843137255,0.9787234042553191,0.9387755102040817,47.0
222,0.9411764705882353,1.0,0.9696969696969697,16.0
223,0.9357798165137615,0.85,0.8908296943231442,120.0
224,1.0,0.6666666666666666,0.8,6.0
225,0.3333333333333333,0.5,0.4,2.0
226,0.5625,0.5294117647058824,0.5454545454545455,17.0
227,1.0,1.0,1.0,1.0
228,0.7241379310344828,0.875,0.7924528301886793,24.0
229,1.0,1.0,1.0,2.0
230,0.8,0.7142857142857143,0.7547169811320756,56.0
231,0.6,1.0,0.7499999999999999,3.0
232,0.8125,1.0,0.896551724137931,13.0
233,1.0,1.0,1.0,11.0
234,1.0,1.0,1.0,5.0
235,0.2222222222222222,0.6666666666666666,0.3333333333333333,3.0
236,1.0,1.0,1.0,3.0
237,0.9902912621359223,0.9807692307692307,0.9855072463768114,104.0
238,0.0,0.0,0.0,2.0
239,1.0,1.0,1.0,3.0
241,1.0,1.0,1.0,3.0
242,0.7586206896551724,0.9565217391304348,0.8461538461538461,23.0
243,0.0,0.0,0.0,6.0
244,0.8333333333333334,0.8333333333333334,0.8333333333333334,6.0
245,0.7142857142857143,1.0,0.8333333333333333,5.0
246,0.0,0.0,0.0,2.0
247,0.9411764705882353,0.9411764705882353,0.9411764705882353,34.0
248,1.0,1.0,1.0,3.0
249,0.7857142857142857,0.7586206896551724,0.7719298245614034,29.0
250,1.0,0.8333333333333334,0.9090909090909091,18.0
251,0.9264705882352942,0.9402985074626866,0.9333333333333335,201.0
252,0.16666666666666666,1.0,0.2857142857142857,1.0
253,0.7647058823529411,0.9285714285714286,0.8387096774193549,14.0
254,0.9545454545454546,0.9130434782608695,0.9333333333333332,46.0
255,0.8333333333333334,1.0,0.9090909090909091,5.0
256,0.6666666666666666,0.75,0.7058823529411765,8.0
257,1.0,0.9583333333333334,0.9787234042553191,24.0
258,0.6666666666666666,0.5,0.5714285714285715,4.0
259,0.9224137931034483,0.9727272727272728,0.9469026548672567,110.0
260,0.9731543624161074,0.9863945578231292,0.9797297297297297,147.0
261,0.6666666666666666,0.4,0.5,5.0
262,0.0,0.0,0.0,0.0
263,1.0,1.0,1.0,2.0
264,0.8666666666666667,0.8125,0.8387096774193549,16.0
265,0.0,0.0,0.0,1.0
266,0.5,0.5,0.5,2.0
267,0.8,0.9230769230769231,0.8571428571428571,26.0
268,1.0,0.16666666666666666,0.2857142857142857,6.0
269,0.9736842105263158,0.7708333333333334,0.8604651162790697,48.0
270,1.0,1.0,1.0,8.0
271,0.8888888888888888,0.6666666666666666,0.761904761904762,12.0
272,1.0,0.8333333333333334,0.9090909090909091,6.0
273,0.98,0.98,0.98,50.0
274,0.0,0.0,0.0,43.0
275,1.0,0.8947368421052632,0.9444444444444444,19.0
276,0.625,0.7692307692307693,0.6896551724137931,13.0
278,1.0,0.5,0.6666666666666666,4.0
279,0.9571428571428572,0.9571428571428572,0.9571428571428572,70.0
280,0.7777777777777778,1.0,0.8750000000000001,14.0
282,0.4,0.6666666666666666,0.5,3.0
283,0.8936170212765957,0.7706422018348624,0.8275862068965517,109.0
284,0.5714285714285714,1.0,0.7272727272727273,4.0
285,0.5,0.5,0.5,6.0
286,0.9574468085106383,0.9782608695652174,0.967741935483871,184.0
287,0.6666666666666666,0.6666666666666666,0.6666666666666666,3.0
288,1.0,1.0,1.0,3.0
289,1.0,0.8333333333333334,0.9090909090909091,6.0
290,0.75,1.0,0.8571428571428571,3.0
291,0.6666666666666666,0.6666666666666666,0.6666666666666666,3.0
292,1.0,0.5,0.6666666666666666,2.0
293,0.8333333333333334,1.0,0.9090909090909091,5.0
294,0.7,0.7777777777777778,0.7368421052631577,9.0
295,0.4791666666666667,0.8846153846153846,0.6216216216216216,26.0
296,0.16666666666666666,0.3333333333333333,0.2222222222222222,3.0
297,0.6923076923076923,0.75,0.7199999999999999,12.0
298,0.8,0.96,0.8727272727272728,25.0
299,1.0,0.6666666666666666,0.8,3.0
300,0.9354838709677419,0.9354838709677419,0.9354838709677419,31.0
301,0.6666666666666666,0.6428571428571429,0.6545454545454545,28.0
303,0.9487179487179487,0.891566265060241,0.9192546583850931,83.0
304,0.6363636363636364,0.7,0.6666666666666666,10.0
305,0.8571428571428571,1.0,0.923076923076923,6.0
306,0.4,1.0,0.5714285714285715,2.0
307,0.7964601769911505,0.8333333333333334,0.8144796380090498,108.0
308,1.0,1.0,1.0,2.0
309,0.0,0.0,0.0,1.0
310,0.0,0.0,0.0,0.0
311,0.8863636363636364,0.8478260869565217,0.8666666666666666,46.0
312,0.875,0.875,0.875,24.0
313,0.9577464788732394,0.7727272727272727,0.8553459119496856,88.0
314,0.9230769230769231,0.9473684210526315,0.935064935064935,38.0
315,1.0,0.6666666666666666,0.8,3.0
316,0.5,1.0,0.6666666666666666,1.0
318,0.0,0.0,0.0,0.0
319,1.0,1.0,1.0,1.0
320,0.0,0.0,0.0,1.0
321,0.9285714285714286,0.9629629629629629,0.9454545454545454,27.0
322,0.5,0.5,0.5,4.0
323,1.0,0.7058823529411765,0.8275862068965517,17.0
324,0.0,0.0,0.0,0.0
325,0.9230769230769231,0.75,0.8275862068965517,16.0
326,0.6666666666666666,0.5,0.5714285714285715,16.0
327,0.8518518518518519,0.8214285714285714,0.8363636363636364,28.0
328,1.0,1.0,1.0,24.0
329,0.8181818181818182,0.8181818181818182,0.8181818181818182,22.0
330,1.0,1.0,1.0,17.0
331,0.6,0.75,0.6666666666666665,4.0
332,0.9375,0.8333333333333334,0.8823529411764706,18.0
333,0.625,0.7692307692307693,0.6896551724137931,26.0
334,0.6363636363636364,0.7777777777777778,0.7000000000000001,9.0
335,0.9824561403508771,0.9491525423728814,0.9655172413793103,59.0
336,1.0,0.625,0.7692307692307693,8.0
337,0.9803921568627451,0.9090909090909091,0.9433962264150944,55.0
338,1.0,1.0,1.0,1.0
339,1.0,1.0,1.0,3.0
340,0.7142857142857143,1.0,0.8333333333333333,10.0
341,0.7580645161290323,0.746031746031746,0.752,63.0
342,1.0,1.0,1.0,13.0
343,0.5,1.0,0.6666666666666666,1.0
344,0.7272727272727273,0.8,0.761904761904762,10.0
345,0.8867924528301887,0.9791666666666666,0.9306930693069307,48.0
346,1.0,1.0,1.0,5.0
347,0.6666666666666666,0.6666666666666666,0.6666666666666666,3.0
348,0.7142857142857143,0.7142857142857143,0.7142857142857143,7.0
349,0.5833333333333334,1.0,0.7368421052631579,7.0
350,0.85,0.8095238095238095,0.8292682926829269,21.0
351,0.0,0.0,0.0,3.0
352,1.0,1.0,1.0,7.0
353,0.25,0.2857142857142857,0.26666666666666666,7.0
354,0.9920634920634921,0.9765625,0.9842519685039369,256.0
356,1.0,1.0,1.0,1.0
357,1.0,1.0,1.0,3.0
358,1.0,0.375,0.5454545454545454,8.0
359,0.5,1.0,0.6666666666666666,1.0
360,0.2,1.0,0.33333333333333337,1.0
361,0.5,0.9230769230769231,0.6486486486486487,13.0
362,0.9545454545454546,0.9545454545454546,0.9545454545454546,220.0
363,0.0,0.0,0.0,1.0
364,0.3333333333333333,0.6666666666666666,0.4444444444444444,3.0
365,1.0,1.0,1.0,8.0
366,0.29354838709677417,0.9891304347826086,0.45273631840796014,92.0
367,0.6666666666666666,0.6666666666666666,0.6666666666666666,3.0
368,1.0,1.0,1.0,7.0
369,1.0,0.09090909090909091,0.16666666666666669,11.0
370,1.0,1.0,1.0,10.0
371,0.9655172413793104,1.0,0.9824561403508771,28.0
372,0.9545454545454546,0.9130434782608695,0.9333333333333332,46.0
373,0.7857142857142857,0.9166666666666666,0.8461538461538461,12.0
374,0.0,0.0,0.0,1.0
375,1.0,0.3333333333333333,0.5,3.0
376,1.0,0.5,0.6666666666666666,2.0
377,0.8,0.7804878048780488,0.7901234567901235,41.0
378,0.9714285714285714,1.0,0.9855072463768115,34.0
379,0.7666666666666667,1.0,0.8679245283018869,23.0
380,0.9069767441860465,0.9069767441860465,0.9069767441860465,43.0
381,0.6666666666666666,0.6666666666666666,0.6666666666666666,3.0
382,0.9705882352941176,0.9850746268656716,0.9777777777777777,67.0
383,1.0,1.0,1.0,6.0
384,1.0,0.9,0.9473684210526316,10.0
385,0.5,1.0,0.6666666666666666,1.0
386,0.9615384615384616,0.9259259259259259,0.9433962264150944,27.0
387,0.8666666666666667,1.0,0.9285714285714286,13.0
388,0.8571428571428571,1.0,0.923076923076923,24.0
389,0.39473684210526316,0.9375,0.5555555555555556,16.0
390,0.0,0.0,0.0,3.0
391,0.75,0.6,0.6666666666666665,5.0
392,0.43478260869565216,0.5555555555555556,0.4878048780487805,18.0
393,0.7083333333333334,0.8947368421052632,0.7906976744186046,57.0
394,0.7555555555555555,0.8292682926829268,0.7906976744186047,82.0
395,0.8636363636363636,0.76,0.8085106382978724,25.0
396,0.7142857142857143,1.0,0.8333333333333333,5.0
397,0.9558823529411765,0.9848484848484849,0.9701492537313432,66.0
398,1.0,0.8333333333333334,0.9090909090909091,6.0
399,0.8421052631578947,0.9411764705882353,0.8888888888888888,17.0
400,0.6,0.5,0.5454545454545454,6.0
401,0.8333333333333334,1.0,0.9090909090909091,5.0
402,0.6666666666666666,0.8571428571428571,0.75,7.0
403,0.5,1.0,0.6666666666666666,2.0
404,1.0,1.0,1.0,5.0
405,0.0,0.0,0.0,1.0
406,0.9318181818181818,0.9761904761904762,0.9534883720930233,84.0
407,0.8,0.8,0.8000000000000002,5.0
408,1.0,1.0,1.0,2.0
409,0.5,1.0,0.6666666666666666,1.0
411,0.6666666666666666,0.4,0.5,5.0
412,1.0,1.0,1.0,12.0
413,0.8888888888888888,0.9072164948453608,0.8979591836734694,97.0
415,0.8863636363636364,0.7358490566037735,0.8041237113402062,53.0
416,0.8333333333333334,1.0,0.9090909090909091,5.0
417,0.0,0.0,0.0,1.0
418,1.0,1.0,1.0,3.0
419,0.9285714285714286,1.0,0.962962962962963,26.0
420,0.0,0.0,0.0,1.0
421,1.0,1.0,1.0,14.0
422,0.5849056603773585,0.775,0.6666666666666666,40.0
423,1.0,0.5,0.6666666666666666,2.0
424,0.6,1.0,0.7499999999999999,3.0
425,0.5714285714285714,0.8,0.6666666666666666,5.0
427,0.8888888888888888,0.8888888888888888,0.8888888888888888,9.0
428,0.18604651162790697,0.2222222222222222,0.20253164556962022,36.0
429,0.4883720930232558,0.5121951219512195,0.5,41.0
430,0.8181818181818182,1.0,0.9,9.0
431,0.9545454545454546,0.9545454545454546,0.9545454545454546,22.0
432,0.8666666666666667,0.9397590361445783,0.9017341040462428,83.0
433,1.0,0.9375,0.967741935483871,16.0
434,1.0,0.75,0.8571428571428571,4.0
435,1.0,1.0,1.0,4.0
436,0.5,1.0,0.6666666666666666,1.0
437,1.0,0.9705882352941176,0.9850746268656716,34.0
439,0.8181818181818182,0.9473684210526315,0.8780487804878049,19.0
440,0.875,0.9333333333333333,0.9032258064516129,15.0
441,0.8333333333333334,1.0,0.9090909090909091,5.0
442,0.9318181818181818,0.82,0.8723404255319149,50.0
443,0.0,0.0,0.0,1.0
444,1.0,1.0,1.0,1.0
445,1.0,1.0,1.0,1.0
446,0.5,1.0,0.6666666666666666,1.0
447,0.7655786350148368,0.9885057471264368,0.8628762541806021,261.0
448,0.5714285714285714,0.5714285714285714,0.5714285714285714,7.0
449,0.47058823529411764,0.6666666666666666,0.5517241379310345,12.0
450,1.0,0.8333333333333334,0.9090909090909091,6.0
451,0.6666666666666666,1.0,0.8,2.0
452,1.0,0.75,0.8571428571428571,4.0
454,1.0,0.5,0.6666666666666666,2.0
456,0.782608695652174,0.9473684210526315,0.8571428571428571,19.0
457,0.8235294117647058,0.9655172413793104,0.888888888888889,29.0
458,0.9705882352941176,0.99,0.9801980198019802,100.0
459,0.0,0.0,0.0,34.0
460,1.0,1.0,1.0,1.0
461,0.84,0.9545454545454546,0.8936170212765958,22.0
462,1.0,1.0,1.0,1.0
463,0.896551724137931,0.8813559322033898,0.888888888888889,59.0
464,0.6666666666666666,0.2857142857142857,0.4,7.0
465,0.64,0.5925925925925926,0.6153846153846153,27.0
466,1.0,0.7142857142857143,0.8333333333333333,14.0
467,0.7647058823529411,0.7647058823529411,0.7647058823529412,17.0
468,0.9836065573770492,0.9230769230769231,0.9523809523809524,65.0
469,0.0,0.0,0.0,1.0
470,0.9230769230769231,0.9230769230769231,0.9230769230769231,52.0
471,0.9,0.9,0.9,40.0
472,0.0,0.0,0.0,3.0
473,1.0,0.8571428571428571,0.923076923076923,7.0
474,0.9166666666666666,0.9166666666666666,0.9166666666666666,12.0
476,0.5,1.0,0.6666666666666666,1.0
477,1.0,1.0,1.0,3.0
478,0.3333333333333333,1.0,0.5,1.0
479,1.0,1.0,1.0,1.0
480,0.8549019607843137,0.7242524916943521,0.7841726618705035,301.0
481,0.972972972972973,0.9230769230769231,0.9473684210526315,39.0
482,1.0,1.0,1.0,4.0
483,0.0,0.0,0.0,60.0
484,0.75,1.0,0.8571428571428571,3.0
485,0.25,1.0,0.4,1.0
486,0.75,0.6,0.6666666666666665,10.0
487,1.0,1.0,1.0,1.0
488,0.5,0.75,0.6,8.0
489,0.625,0.6666666666666666,0.6451612903225806,15.0
490,0.7142857142857143,1.0,0.8333333333333333,5.0
491,0.8857142857142857,0.8611111111111112,0.8732394366197184,36.0
492,0.9696969696969697,1.0,0.9846153846153847,32.0
493,0.98,1.0,0.98989898989899,49.0
494,0.0,0.0,0.0,5.0
495,0.6,0.375,0.4615384615384615,8.0
496,0.8823529411764706,0.8333333333333334,0.8571428571428571,18.0
497,0.6190476190476191,0.7878787878787878,0.6933333333333334,33.0
498,1.0,1.0,1.0,1.0
499,0.0,0.0,0.0,1.0
500,1.0,1.0,1.0,2.0
501,1.0,1.0,1.0,10.0
502,1.0,1.0,1.0,2.0
503,0.813953488372093,0.8536585365853658,0.8333333333333333,41.0
504,0.75,0.6,0.6666666666666665,5.0
505,0.5714285714285714,0.8888888888888888,0.6956521739130435,9.0
506,1.0,0.9,0.9473684210526316,10.0
507,0.0,0.0,0.0,1.0
509,0.0,0.0,0.0,1.0
510,0.7016806722689075,0.8267326732673267,0.759090909090909,202.0
511,0.0,0.0,0.0,1.0
512,0.0,0.0,0.0,1.0
513,0.9473684210526315,0.9,0.9230769230769231,20.0
514,0.9375,0.8333333333333334,0.8823529411764706,36.0
515,0.95,0.8636363636363636,0.9047619047619048,22.0
516,0.0,0.0,0.0,5.0
517,0.9130434782608695,0.8076923076923077,0.8571428571428572,26.0
518,0.0,0.0,0.0,1.0
519,0.52,0.5652173913043478,0.5416666666666667,23.0
520,0.9444444444444444,0.9444444444444444,0.9444444444444444,18.0
521,0.8571428571428571,0.8571428571428571,0.8571428571428571,21.0
522,1.0,1.0,1.0,6.0
523,0.75,0.5,0.6,12.0
525,0.8888888888888888,0.8888888888888888,0.8888888888888888,9.0
526,0.8333333333333334,0.9375,0.8823529411764706,16.0
527,0.8235294117647058,0.7,0.7567567567567567,20.0
528,1.0,1.0,1.0,2.0
529,0.9473684210526315,1.0,0.972972972972973,18.0
530,0.7142857142857143,1.0,0.8333333333333333,5.0
531,1.0,0.6666666666666666,0.8,9.0
532,0.6666666666666666,1.0,0.8,2.0
533,0.0,0.0,0.0,4.0
534,0.625,0.8333333333333334,0.7142857142857143,6.0
535,0.7727272727272727,0.68,0.7234042553191491,25.0
536,1.0,1.0,1.0,65.0
537,0.7555555555555555,0.8947368421052632,0.8192771084337349,38.0
538,0.8181818181818182,0.9,0.8571428571428572,20.0
539,1.0,0.6666666666666666,0.8,6.0
540,1.0,1.0,1.0,1.0
541,0.0,0.0,0.0,22.0
542,1.0,0.25,0.4,4.0
543,0.6842105263157895,0.9285714285714286,0.7878787878787878,14.0
544,0.5714285714285714,1.0,0.7272727272727273,4.0
545,0.0,0.0,0.0,7.0
546,0.9452054794520548,0.9857142857142858,0.9650349650349651,70.0
547,0.8333333333333334,1.0,0.9090909090909091,20.0
548,0.5714285714285714,0.5714285714285714,0.5714285714285714,7.0
549,0.0,0.0,0.0,7.0
550,0.0,0.0,0.0,0.0
551,0.9532710280373832,0.9532710280373832,0.9532710280373832,214.0
552,0.5555555555555556,0.8333333333333334,0.6666666666666667,6.0
553,0.6,0.5,0.5454545454545454,6.0
554,0.0,0.0,0.0,1.0
555,0.0,0.0,0.0,4.0
556,1.0,1.0,1.0,1.0
557,0.8181818181818182,0.9,0.8571428571428572,10.0
558,1.0,1.0,1.0,3.0
559,0.8888888888888888,0.8,0.8421052631578948,10.0
560,0.9146341463414634,0.9868421052631579,0.949367088607595,76.0
561,0.6,0.75,0.6666666666666665,4.0
562,0.8,0.8,0.8000000000000002,5.0
563,1.0,0.5,0.6666666666666666,2.0
564,0.0,0.0,0.0,1.0
565,0.9230769230769231,0.8780487804878049,0.9,41.0
566,1.0,1.0,1.0,10.0
567,0.0,0.0,0.0,8.0
568,0.0,0.0,0.0,0.0
569,0.8571428571428571,0.8571428571428571,0.8571428571428571,7.0
570,0.8333333333333334,0.7692307692307693,0.8,13.0
571,0.3333333333333333,1.0,0.5,1.0
572,1.0,1.0,1.0,4.0
573,0.8461538461538461,0.9727891156462585,0.9050632911392403,147.0
574,1.0,0.5714285714285714,0.7272727272727273,7.0
575,0.0,0.0,0.0,1.0
576,0.9354838709677419,0.90625,0.9206349206349206,64.0
577,0.7352941176470589,0.8928571428571429,0.806451612903226,28.0
578,0.8461538461538461,0.8461538461538461,0.8461538461538461,13.0
579,0.6666666666666666,0.8,0.7272727272727272,5.0
580,0.0,0.0,0.0,0.0
581,0.5,1.0,0.6666666666666666,1.0
582,0.9393939393939394,0.96875,0.9538461538461539,32.0
583,0.6153846153846154,0.5161290322580645,0.5614035087719298,31.0
584,0.25,1.0,0.4,1.0
585,1.0,0.875,0.9333333333333333,8.0
586,0.25,0.25,0.25,4.0
587,0.5,1.0,0.6666666666666666,2.0
588,0.5,1.0,0.6666666666666666,1.0
589,0.8955223880597015,0.8108108108108109,0.851063829787234,74.0
590,1.0,1.0,1.0,3.0
591,0.5,0.2,0.28571428571428575,5.0
592,0.0,0.0,0.0,1.0
593,0.75,0.75,0.75,4.0
594,0.3333333333333333,0.5,0.4,2.0
596,0.8755555555555555,0.8140495867768595,0.8436830835117772,242.0
597,1.0,0.6666666666666666,0.8,3.0
598,0.5,0.75,0.6,4.0
599,0.7777777777777778,0.3333333333333333,0.4666666666666666,21.0
600,0.9565217391304348,0.9565217391304348,0.9565217391304348,23.0
601,0.75,0.75,0.75,4.0
602,1.0,1.0,1.0,3.0
603,0.5454545454545454,1.0,0.7058823529411764,6.0
604,0.9375,0.9375,0.9375,16.0
605,0.75,0.9,0.8181818181818182,10.0
606,0.8235294117647058,0.9333333333333333,0.8749999999999999,30.0
607,1.0,1.0,1.0,1.0
608,0.14285714285714285,0.25,0.18181818181818182,4.0
609,0.7272727272727273,0.8888888888888888,0.7999999999999999,18.0
610,0.6043956043956044,0.3806228373702422,0.46709129511677283,289.0
611,0.8,0.8,0.8000000000000002,5.0
612,0.5,0.5,0.5,2.0
613,1.0,1.0,1.0,3.0
614,0.0,0.0,0.0,1.0
615,0.8636363636363636,0.95,0.9047619047619048,20.0
616,0.8507462686567164,0.8507462686567164,0.8507462686567164,67.0
617,0.9285714285714286,1.0,0.962962962962963,13.0
618,0.6666666666666666,0.5,0.5714285714285715,4.0
619,1.0,1.0,1.0,2.0
620,0.3333333333333333,0.5652173913043478,0.4193548387096774,23.0
621,0.6666666666666666,0.42857142857142855,0.5217391304347826,14.0
622,0.25,1.0,0.4,1.0
623,0.21739130434782608,0.8333333333333334,0.3448275862068966,6.0
625,0.7333333333333333,1.0,0.846153846153846,11.0
626,0.0,0.0,0.0,2.0
627,0.7692307692307693,0.8695652173913043,0.8163265306122449,23.0
628,1.0,1.0,1.0,4.0
629,1.0,0.75,0.8571428571428571,12.0
630,0.6666666666666666,0.4444444444444444,0.5333333333333333,9.0
631,0.0,0.0,0.0,1.0
632,0.7,0.6363636363636364,0.6666666666666666,11.0
633,0.75,1.0,0.8571428571428571,3.0
634,0.8392857142857143,0.746031746031746,0.7899159663865546,63.0
635,0.0,0.0,0.0,4.0
636,0.5333333333333333,0.64,0.5818181818181818,25.0
637,0.0,0.0,0.0,1.0
638,0.4375,0.3888888888888889,0.411764705882353,18.0
639,0.5,0.6666666666666666,0.5714285714285715,3.0
640,1.0,1.0,1.0,2.0
641,0.0,0.0,0.0,0.0
642,1.0,0.8888888888888888,0.9411764705882353,9.0
643,0.9833333333333333,1.0,0.9915966386554621,59.0
644,1.0,0.5,0.6666666666666666,8.0
645,0.8857142857142857,0.96875,0.9253731343283582,32.0
646,1.0,1.0,1.0,14.0
647,0.8947368421052632,0.8292682926829268,0.860759493670886,41.0
649,0.65,0.52,0.5777777777777778,25.0
651,0.9444444444444444,0.9444444444444444,0.9444444444444444,18.0
652,0.6666666666666666,0.6666666666666666,0.6666666666666666,3.0
653,0.5,0.3333333333333333,0.4,3.0
654,1.0,0.7647058823529411,0.8666666666666666,17.0
655,0.9846153846153847,0.8648648648648649,0.920863309352518,74.0
656,0.4666666666666667,0.875,0.608695652173913,8.0
657,0.5,0.6666666666666666,0.5714285714285715,6.0
658,1.0,0.9090909090909091,0.9523809523809523,11.0
659,1.0,1.0,1.0,1.0
660,0.0,0.0,0.0,4.0
661,0.5714285714285714,0.8888888888888888,0.6956521739130435,9.0
662,1.0,1.0,1.0,1.0
663,0.5,1.0,0.6666666666666666,1.0
664,1.0,1.0,1.0,5.0
665,0.8571428571428571,1.0,0.923076923076923,6.0
666,1.0,1.0,1.0,6.0
667,0.9047619047619048,0.8636363636363636,0.8837209302325582,22.0
668,0.75,1.0,0.8571428571428571,3.0
669,0.6666666666666666,1.0,0.8,8.0
670,0.42857142857142855,0.5,0.4615384615384615,6.0
671,1.0,0.7142857142857143,0.8333333333333333,7.0
672,0.9074074074074074,0.9074074074074074,0.9074074074074074,54.0
673,0.7857142857142857,0.7333333333333333,0.7586206896551724,15.0
674,1.0,0.8571428571428571,0.923076923076923,14.0
675,1.0,1.0,1.0,3.0
676,0.9523809523809523,0.975609756097561,0.963855421686747,41.0
677,1.0,1.0,1.0,1.0
678,0.5,1.0,0.6666666666666666,1.0
679,0.2857142857142857,1.0,0.4444444444444445,4.0
680,1.0,0.6666666666666666,0.8,3.0
681,1.0,0.8333333333333334,0.9090909090909091,6.0
682,0.92,0.9583333333333334,0.9387755102040817,24.0
683,0.5,1.0,0.6666666666666666,1.0
684,0.7671232876712328,0.6436781609195402,0.7,87.0
685,0.8421052631578947,0.9411764705882353,0.8888888888888888,17.0
686,1.0,0.75,0.8571428571428571,4.0
687,1.0,0.6666666666666666,0.8,3.0
688,1.0,0.5,0.6666666666666666,2.0
689,0.75,0.42857142857142855,0.5454545454545454,7.0
690,0.6964285714285714,0.9069767441860465,0.7878787878787877,43.0
691,0.90625,0.8529411764705882,0.8787878787878787,34.0
692,1.0,1.0,1.0,10.0
693,0.0,0.0,0.0,1.0
694,0.8333333333333334,1.0,0.9090909090909091,5.0
695,0.25,0.4,0.3076923076923077,10.0
696,0.9428571428571428,0.9041095890410958,0.923076923076923,73.0
697,0.6666666666666666,0.6666666666666666,0.6666666666666666,3.0
698,1.0,0.6666666666666666,0.8,6.0
699,1.0,1.0,1.0,16.0
700,0.7446808510638298,0.8333333333333334,0.7865168539325842,42.0
701,1.0,1.0,1.0,2.0
702,0.9333333333333333,1.0,0.9655172413793104,14.0
703,0.75,1.0,0.8571428571428571,3.0
704,0.8852459016393442,0.8709677419354839,0.8780487804878049,62.0
705,0.0,0.0,0.0,0.0
706,1.0,0.9642857142857143,0.9818181818181818,28.0
707,0.971830985915493,0.9583333333333334,0.965034965034965,72.0
708,1.0,1.0,1.0,2.0
709,0.0,0.0,0.0,2.0
710,0.8125,1.0,0.896551724137931,13.0
711,0.8108108108108109,0.8823529411764706,0.8450704225352113,34.0
712,1.0,1.0,1.0,1.0
713,0.6,0.75,0.6666666666666665,4.0
714,0.5833333333333334,0.6666666666666666,0.6222222222222222,21.0
715,0.0,0.0,0.0,1.0
716,1.0,1.0,1.0,1.0
717,0.36363636363636365,0.5,0.4210526315789474,8.0
718,0.9090909090909091,0.8333333333333334,0.8695652173913043,12.0
719,0.0,0.0,0.0,2.0
720,0.5357142857142857,0.6818181818181818,0.6,44.0
721,0.9444444444444444,0.9444444444444444,0.9444444444444444,18.0
722,1.0,0.6666666666666666,0.8,3.0
723,0.9736842105263158,0.9024390243902439,0.9367088607594938,41.0
724,0.0,0.0,0.0,0.0
725,1.0,0.5,0.6666666666666666,2.0
726,1.0,0.6666666666666666,0.8,3.0
727,0.9,0.9,0.9,10.0
728,0.5,1.0,0.6666666666666666,1.0
729,0.5384615384615384,1.0,0.7000000000000001,7.0
730,0.9473684210526315,0.9473684210526315,0.9473684210526315,19.0
731,0.525,0.9545454545454546,0.6774193548387099,22.0
732,0.0,0.0,0.0,5.0
733,0.6666666666666666,0.8333333333333334,0.7407407407407408,12.0
734,1.0,0.75,0.8571428571428571,4.0
735,0.7916666666666666,0.76,0.7755102040816326,25.0
736,1.0,1.0,1.0,2.0
737,1.0,1.0,1.0,5.0
738,0.0,0.0,0.0,24.0
739,0.7222222222222222,0.9285714285714286,0.8125000000000001,14.0
740,0.8,1.0,0.888888888888889,8.0
741,1.0,1.0,1.0,2.0
742,0.45454545454545453,0.7142857142857143,0.5555555555555556,7.0
743,1.0,0.5,0.6666666666666666,2.0
744,0.7333333333333333,0.7857142857142857,0.7586206896551724,14.0
745,1.0,1.0,1.0,24.0
746,0.9326923076923077,0.9150943396226415,0.9238095238095239,106.0
747,0.0,0.0,0.0,1.0
748,0.9732142857142857,0.9688888888888889,0.9710467706013364,225.0
749,1.0,0.9555555555555556,0.9772727272727273,45.0
750,0.8888888888888888,0.9090909090909091,0.8988764044943819,44.0
751,0.0,0.0,0.0,3.0
752,1.0,1.0,1.0,2.0
753,0.9459459459459459,0.8823529411764706,0.9130434782608695,119.0
754,0.8602150537634409,0.7692307692307693,0.8121827411167513,104.0
755,1.0,0.8888888888888888,0.9411764705882353,9.0
756,1.0,1.0,1.0,3.0
757,1.0,1.0,1.0,6.0
758,1.0,0.9,0.9473684210526316,10.0
759,0.8947368421052632,0.85,0.8717948717948718,20.0
760,0.0,0.0,0.0,1.0
761,0.3333333333333333,0.5,0.4,4.0
762,0.8024691358024691,0.8441558441558441,0.8227848101265822,77.0
763,0.8666666666666667,0.9285714285714286,0.896551724137931,14.0
764,0.96,1.0,0.9795918367346939,24.0
765,0.8947368421052632,0.8947368421052632,0.8947368421052632,38.0
766,0.0,0.0,0.0,1.0
767,0.7368421052631579,0.6363636363636364,0.6829268292682926,22.0
768,0.47368421052631576,0.5625,0.5142857142857142,16.0
769,1.0,0.75,0.8571428571428571,4.0
770,1.0,0.8,0.888888888888889,5.0
771,0.875,0.8235294117647058,0.8484848484848485,51.0
772,0.9473684210526315,0.9473684210526315,0.9473684210526315,19.0
773,0.6666666666666666,1.0,0.8,2.0
774,0.8333333333333334,1.0,0.9090909090909091,10.0
775,0.5,0.75,0.6,4.0
776,0.9473684210526315,0.9473684210526315,0.9473684210526315,19.0
777,1.0,1.0,1.0,1.0
778,0.84,0.9130434782608695,0.8749999999999999,23.0
779,0.7777777777777778,0.7,0.7368421052631577,10.0
780,0.9814814814814815,0.8833333333333333,0.9298245614035088,60.0
781,0.0,0.0,0.0,13.0
782,1.0,1.0,1.0,1.0
783,0.0,0.0,0.0,1.0
784,0.4,0.6666666666666666,0.5,3.0
785,0.6,0.5,0.5454545454545454,6.0
786,0.9090909090909091,0.7142857142857143,0.8,14.0
787,0.25,1.0,0.4,1.0
788,0.6666666666666666,0.75,0.7058823529411765,8.0
790,0.8,1.0,0.888888888888889,8.0
791,0.6666666666666666,1.0,0.8,2.0
792,1.0,1.0,1.0,17.0
793,1.0,1.0,1.0,5.0
794,1.0,1.0,1.0,1.0
795,1.0,0.975,0.9873417721518987,40.0
796,0.8888888888888888,1.0,0.9411764705882353,8.0
797,0.9583333333333334,0.9583333333333334,0.9583333333333334,24.0
798,0.7272727272727273,0.8888888888888888,0.7999999999999999,9.0
799,1.0,1.0,1.0,3.0
800,0.0,0.0,0.0,1.0
802,1.0,0.7272727272727273,0.8421052631578948,11.0
803,0.6875,0.825,0.75,40.0
804,0.7777777777777778,0.5,0.6086956521739131,14.0
805,0.8076923076923077,0.84,0.8235294117647058,25.0
806,0.2727272727272727,0.2,0.23076923076923075,30.0
807,0.9375,0.7894736842105263,0.8571428571428572,19.0
808,0.7777777777777778,1.0,0.8750000000000001,14.0
809,0.25,0.034482758620689655,0.0606060606060606,29.0
810,0.35714285714285715,1.0,0.5263157894736842,5.0
811,0.7777777777777778,0.875,0.823529411764706,8.0
813,0.5,0.6666666666666666,0.5714285714285715,3.0
814,0.5,1.0,0.6666666666666666,2.0
815,0.6923076923076923,0.5294117647058824,0.5999999999999999,17.0
816,0.7894736842105263,0.6521739130434783,0.7142857142857143,23.0
817,1.0,0.6666666666666666,0.8,3.0
818,0.6666666666666666,0.5,0.5714285714285715,4.0
819,0.0,0.0,0.0,2.0
820,0.8333333333333334,0.7142857142857143,0.7692307692307692,21.0
821,0.8333333333333334,1.0,0.9090909090909091,10.0
822,0.42857142857142855,0.5,0.4615384615384615,12.0
823,1.0,0.6666666666666666,0.8,3.0
824,0.8571428571428571,0.8571428571428571,0.8571428571428571,7.0
825,1.0,1.0,1.0,3.0
826,0.6842105263157895,0.9285714285714286,0.7878787878787878,14.0
827,0.6444444444444445,0.9354838709677419,0.763157894736842,31.0
828,0.0,0.0,0.0,16.0
829,1.0,0.8666666666666667,0.9285714285714286,15.0
830,1.0,0.8,0.888888888888889,5.0
831,0.9942028985507246,0.9716713881019831,0.9828080229226361,706.0
832,0.75,0.9512195121951219,0.8387096774193549,41.0
833,0.8461538461538461,0.9166666666666666,0.8799999999999999,24.0
834,0.9058823529411765,0.927710843373494,0.9166666666666667,83.0
835,0.9090909090909091,0.9090909090909091,0.9090909090909091,11.0
836,0.0,0.0,0.0,25.0
837,0.6666666666666666,1.0,0.8,2.0
838,0.6428571428571429,0.8181818181818182,0.7200000000000001,11.0
839,0.6666666666666666,1.0,0.8,2.0
840,0.6341463414634146,0.6341463414634146,0.6341463414634146,41.0
841,0.0,0.0,0.0,0.0
842,0.8,1.0,0.888888888888889,4.0
843,0.8333333333333334,0.7142857142857143,0.7692307692307692,21.0
844,0.6875,1.0,0.8148148148148148,11.0
845,1.0,1.0,1.0,11.0
846,1.0,0.9333333333333333,0.9655172413793104,15.0
847,1.0,0.5,0.6666666666666666,2.0
848,0.8571428571428571,0.9230769230769231,0.888888888888889,26.0
849,1.0,0.9230769230769231,0.9600000000000001,26.0
850,0.875,1.0,0.9333333333333333,7.0
851,1.0,0.5,0.6666666666666666,2.0
852,1.0,0.75,0.8571428571428571,4.0
853,0.8,0.8571428571428571,0.8275862068965518,14.0
854,0.8787878787878788,0.90625,0.8923076923076922,32.0
855,0.696969696969697,0.8214285714285714,0.7540983606557378,28.0
856,0.75,0.75,0.75,4.0
857,0.5,0.38461538461538464,0.4347826086956522,13.0
858,0.14285714285714285,0.25,0.18181818181818182,24.0
859,0.6739130434782609,0.8378378378378378,0.746987951807229,37.0
860,0.75,0.6666666666666666,0.7058823529411765,9.0
861,0.6341463414634146,0.8125,0.7123287671232876,32.0
862,0.6666666666666666,1.0,0.8,4.0
863,1.0,1.0,1.0,1.0
864,0.0,0.0,0.0,1.0
865,1.0,1.0,1.0,5.0
866,1.0,1.0,1.0,1.0
868,0.9,0.9,0.9,10.0
869,0.9230769230769231,0.9230769230769231,0.9230769230769231,13.0
870,0.9375,0.9375,0.9375,16.0
871,0.8333333333333334,1.0,0.9090909090909091,10.0
872,1.0,1.0,1.0,6.0
873,1.0,1.0,1.0,8.0
accuracy,0.8329675153643546,0.8329675153643546,0.8329675153643546,0.8329675153643546
macro avg,0.7133849931273443,0.7404029204852126,0.709741412064985,18224.0
weighted avg,0.8310388898152613,0.8329675153643546,0.8252035741264628,18224.0
